,t,p,ph,q,s,ewe,na,k_,li,rb,mg,ca,sr,mn,fe,ni,cu,zn,cd,hg,al,sn,pb,b_,si,as,f_,cl,br,nh4,hco3,so4,E3,cu_3,as_3,sr_3,pb_3,al_3,zn_3,li_3,ni_3,cd_3,E4,H4,E5,al_5,li_5,as_5,ni_5,mn_5,zn_5,sr_5,rb_5,cd_5,cu_5,br_5,hg_5,pb_5,f__5,fe_5,b__5,E6,E
0,170.57803108915675,6.002698748778989,5.275,40.0,102.75,0.35,27325,3845.0,165.5,20.5,90.5,8132.5,442.5,20.2,89.75,0.057,0.044,3.68,0.03,0.0005,0.235,3.68,0.65,44.3,51.35,11.475,35.5,62155.5,205.0,41.0,294.78,143,-0.1124137191688487,0.038794164117190916,10.060187346736733,0.0,0.0,0.0,0.0,0.0,0.0,0.0,1.7173537294302716,3.0,-0.5563463634645275,0.23388157212136035,63.45293139549756,0.34321033978360227,0.04319764650568805,17.658751702851863,2.4625466809905756,180.6764044673046,1.5720762427713337,0.014040075932999187,0.0026368821691347653,66.8049525961935,1.6619306381155497e-05,0.13472718034000739,4.355733480111679,41.253890514715536,29.510259657450252,0.08790280524638054,1.136496452043276
1,163.7319310626229,6.002698748778989,5.275,40.0,102.75,0.35,27325,3845.0,165.5,20.5,90.5,8132.5,442.5,20.2,89.75,0.057,0.044,3.68,0.03,0.0005,0.235,3.68,0.65,44.3,51.35,11.475,35.5,62155.5,205.0,41.0,294.78,143,-0.11839528287409509,0.03864347742460662,10.24921956547936,0.0,0.0,0.0,0.0,0.0,0.0,0.0,1.5347918703969352,3.0,-0.6413003450948198,0.23169764873051923,58.875894964300166,0.44027525809244555,0.046277915734398996,11.69996809234147,1.1271560741199937,233.7744990943738,1.0339982316756657,0.023164634952992768,0.0048500143146195576,197.8011207822644,0.0003525304255353942,0.48383084683455246,28.174998589577985,68.08189005696615,21.423315398482202,0.08786838707653408,0.8629646295045544
2,145.21087327348147,6.002698748778989,5.275,40.0,102.75,0.35,27325,3845.0,165.5,20.5,90.5,8132.5,442.5,20.2,89.75,0.057,0.044,3.68,0.03,0.0005,0.235,3.68,0.65,44.3,51.35,11.475,35.5,62155.5,205.0,41.0,294.78,143,-0.08458668871736996,0.039605081782714616,9.101614068141178,0.0,0.0,0.0,0.0,0.0,0.0,0.0,1.0585214614986747,3.0,-0.3555216189781921,0.23465764865998318,36.885870657545226,0.6881489141354525,0.014763673537560952,18.09950358867789,3.309035113774144,119.48018358835819,1.6001866347858105,0.010826941164480266,0.003604369383542664,146.32746418968185,3.812918360719014e-05,0.26004187071915724,20.698158849146058,4.738499362767609,40.65731000881111,0.08779181426829186,0.7062049680714044
3,162.55583842537595,6.002698748778989,5.275,40.0,102.75,0.35,27325,3845.0,165.5,20.5,90.5,8132.5,442.5,20.2,89.75,0.057,0.044,3.68,0.03,0.0005,0.235,3.68,0.65,44.3,51.35,11.475,35.5,62155.5,205.0,41.0,294.78,143,-0.10622867049017716,0.03734681202633901,9.99792416940318,0.0,0.0,0.0,0.0,0.0,0.0,0.0,1.5036702823569195,3.0,-0.39405100878486254,0.2342554711395118,4.327174764510936,0.43771602508855867,0.0452826453642633,18.076526649686603,2.7261826083281058,131.68334040669566,0.3926839774689017,0.004573047230803274,0.0029185258176138303,20.58277197568665,0.00033230883295129243,0.24260018456532598,24.58009097234987,0.5750468897138857,35.17543989111121,0.08786838707653408,1.0912589901584138
4,152.4923364577432,6.002698748778989,5.275,40.0,102.75,0.35,27325,3845.0,165.5,20.5,90.5,8132.5,442.5,20.2,89.75,0.057,0.044,3.68,0.03,0.0005,0.235,3.68,0.65,44.3,51.35,11.475,35.5,62155.5,205.0,41.0,294.78,143,-0.09937381129537637,0.037993059908640665,9.532986562706567,0.0,0.0,0.0,0.0,0.0,0.0,0.0,1.241865192488824,3.0,-0.7187951626790433,0.2343190408877696,65.96057056998754,0.37059760705502326,0.008022689237983724,13.797427550274639,1.9911216749051321,363.8927911649606,1.263634591918808,0.004852251921479828,0.0027219700965403723,6.118871822749796,0.00020727104478767,0.4084925976260395,5.775170519099855,83.23744153592394,22.486360438060025,0.08780713856747877,0.5115033570818831
5,151.9506427377154,6.002698748778989,5.275,40.0,102.75,0.35,27325,3845.0,165.5,20.5,90.5,8132.5,442.5,20.2,89.75,0.057,0.044,3.68,0.03,0.0005,0.235,3.68,0.65,44.3,51.35,11.475,35.5,62155.5,205.0,41.0,294.78,143,-0.1252867981418395,0.0374615538697375,9.628727038384111,0.0,0.0,0.0,0.0,0.0,0.0,0.0,1.2293248508792245,3.0,-0.14849098000383568,0.14883812243082742,40.407408633687744,0.5707395219095048,0.026820013490943848,16.67923370678505,2.1667121422003124,102.07461021694697,0.6180226572012373,0.026616694198134866,0.0013677021947825147,51.56223781937775,8.77067742028359e-05,0.13291642700294592,16.78993083296452,57.31480798580178,15.641299310020084,0.08780713856747877,1.0433542113010281
6,172.25882632739868,6.002698748778989,5.275,40.0,102.75,0.35,27325,3845.0,165.5,20.5,90.5,8132.5,442.5,20.2,89.75,0.057,0.044,3.68,0.03,0.0005,0.235,3.68,0.65,44.3,51.35,11.475,35.5,62155.5,205.0,41.0,294.78,143,-0.095796178745359,0.038709120499071936,9.843705272592281,0.0,0.0,0.0,0.0,0.0,0.0,0.0,1.7601288110342659,3.0,-0.9462417045934344,0.23478932390832927,61.531126696256706,0.47843119254440303,0.030259269206549713,11.925250167481266,2.0924153674760992,246.98527119297208,0.4892746412263556,0.017683420438137136,0.002206424471403975,147.94362431404517,3.564093198016938e-05,0.3233202184819092,12.733183445584014,15.29122877857697,23.554468326468836,0.08792573645544285,0.8060166641509154
7,164.1372709965459,6.002698748778989,5.275,40.0,102.75,0.35,27325,3845.0,165.5,20.5,90.5,8132.5,442.5,20.2,89.75,0.057,0.044,3.68,0.03,0.0005,0.235,3.68,0.65,44.3,51.35,11.475,35.5,62155.5,205.0,41.0,294.78,143,-0.12629168354372056,0.03709506812606532,9.637111184997377,0.0,0.0,0.0,0.0,0.0,0.0,0.0,1.5450764573923852,3.0,-0.06296436389051985,0.23484541322351993,66.16596715866015,0.40119216471212976,0.011518730208778706,14.610720577001159,1.7759497591801463,110.17148292093083,1.5481639865678076,0.02307797182507978,0.005982359981427043,42.505424756533785,0.0001147718033061661,0.38499421387141486,33.456054794148486,45.77371817921564,6.5178833091805375,0.08786456132184343,1.4436849712799882
8,147.14606156896863,6.002698748778989,5.275,40.0,102.75,0.35,27325,3845.0,165.5,20.5,90.5,8132.5,442.5,20.2,89.75,0.057,0.044,3.68,0.03,0.0005,0.235,3.68,0.65,44.3,51.35,11.475,35.5,62155.5,205.0,41.0,294.78,143,-0.10777727046919003,0.03503061721751147,9.622901832904104,0.0,0.0,0.0,0.0,0.0,0.0,0.0,1.1076089081237974,3.0,-0.4428532201282838,0.23486131762649703,32.312768904284916,0.34290212781810386,0.034472685110201545,15.04308779521555,2.3295366608011157,143.7157850875425,0.1210987759197795,0.02769432965173035,0.0029492056849236468,141.5055438336802,9.96105019353179e-05,0.05809013395837822,34.86134870214857,5.851975143552644,30.540161684369565,0.08780713856747877,0.6447855560938023
9,147.20978062701948,6.002698748778989,5.275,40.0,102.75,0.35,27325,3845.0,165.5,20.5,90.5,8132.5,442.5,20.2,89.75,0.057,0.044,3.68,0.03,0.0005,0.235,3.68,0.65,44.3,51.35,11.475,35.5,62155.5,205.0,41.0,294.78,143,-0.11235531101985614,0.03762129951652826,9.548746443357105,0.0,0.0,0.0,0.0,0.0,0.0,0.0,1.108847729077673,3.0,-0.286929251083019,0.22658056112831526,66.11826016987636,0.4695608634286816,0.016961088137373757,17.09498916595814,2.9029210611991263,194.72739036838905,1.3633963279187022,0.02403633182948122,0.001636167935571707,136.24770429493245,0.0003013457976646605,0.5972854564449944,3.993137812661759,74.60374981358132,18.972513284366464,0.08780713856747877,0.7973703055422767
10,148.11451802015523,6.002698748778989,5.275,40.0,102.75,0.35,27325,3845.0,165.5,20.5,90.5,8132.5,442.5,20.2,89.75,0.057,0.044,3.68,0.03,0.0005,0.235,3.68,0.65,44.3,51.35,11.475,35.5,62155.5,205.0,41.0,294.78,143,-0.08728041861706126,0.038864655807488546,9.667814232309569,0.0,0.0,0.0,0.0,0.0,0.0,0.0,1.1313013391791216,3.0,-0.5568148335010348,0.22044631762996045,48.86609156355793,0.4931094792586708,0.04419235839116767,13.462963701921076,1.5877536413559732,203.94701095509896,0.15488153981267608,0.005500508722106358,0.000617441247168194,50.33362994028064,0.00020879437958725512,0.3661781275876549,11.783186721820996,51.80874778876557,9.755704893433546,0.08780713856747877,0.5750132256285043
11,155.42118527579007,6.002698748778989,5.275,40.0,102.75,0.35,27325,3845.0,165.5,20.5,90.5,8132.5,442.5,20.2,89.75,0.057,0.044,3.68,0.03,0.0005,0.235,3.68,0.65,44.3,51.35,11.475,35.5,62155.5,205.0,41.0,294.78,143,-0.10338116820540862,0.036732531642441724,9.714894923859086,0.0,0.0,0.0,0.0,0.0,0.0,0.0,1.3180996081026004,3.0,-0.5200582411865963,0.14409079176574424,37.344848417991756,0.25737339254953956,0.026998612565431027,17.301418583499242,1.423170883470006,225.99396906088012,0.2970673303638512,0.003278240265607328,0.002574746723574172,164.47996590638817,0.00012067323504394979,0.4247679932349399,33.818948713758196,7.6809872096512155,29.283114607166166,0.08782245799099428,0.7824826567015898
12,159.4644186407192,6.002698748778989,5.275,40.0,102.75,0.35,27325,3845.0,165.5,20.5,90.5,8132.5,442.5,20.2,89.75,0.057,0.044,3.68,0.03,0.0005,0.235,3.68,0.65,44.3,51.35,11.475,35.5,62155.5,205.0,41.0,294.78,143,-0.10349343145317348,0.03482989001691171,9.486085995415483,0.0,0.0,0.0,0.0,0.0,0.0,0.0,1.420713933488255,3.0,-2.236098191307062,0.22439226932137668,41.73783159426727,0.45659811054454047,0.022462512691327815,18.12501539984428,2.7163064044846426,371.30929783224497,1.5265398333067877,0.0015053185092919552,0.009104695693070262,124.14856473499458,0.0003628782980315594,0.29748966331598437,11.927706053597186,22.950426992003642,16.845312788395024,0.08785690890299681,-0.8310207803689835
13,174.7656953066337,6.002698748778989,5.275,40.0,102.75,0.35,27325,3845.0,165.5,20.5,90.5,8132.5,442.5,20.2,89.75,0.057,0.044,3.68,0.03,0.0005,0.235,3.68,0.65,44.3,51.35,11.475,35.5,62155.5,205.0,41.0,294.78,143,-0.1471852456933794,0.037314075573405804,9.917851856290104,0.0,0.0,0.0,0.0,0.0,0.0,0.0,1.8301499463347497,3.0,-0.5869387104747102,0.2098783717383077,64.15350588167273,0.44213422994975193,0.01257744331814376,12.100012682489686,1.6353963126237234,337.0815401984105,0.4829722164096163,0.028822880538378063,0.006609253041788475,97.36220171558122,0.0003977370019832946,0.20612608095848137,0.2008156265976626,8.683218844503305,8.876315180088211,0.08791809371140227,1.1839440838780626
14,173.97061604533997,6.002698748778989,5.275,40.0,102.75,0.35,27325,3845.0,165.5,20.5,90.5,8132.5,442.5,20.2,89.75,0.057,0.044,3.68,0.03,0.0005,0.235,3.68,0.65,44.3,51.35,11.475,35.5,62155.5,205.0,41.0,294.78,143,-0.09255651266795956,0.0354250068349484,9.370919385705083,0.0,0.0,0.0,0.0,0.0,0.0,0.0,1.8089017050277676,3.0,-0.3085446004148261,0.23435318631061244,66.03376065462795,0.6634691062181565,0.03807035948257719,17.48933857318406,0.9939269301120084,185.25222136229664,0.2142760928422614,0.002666707683160009,0.002366311235439902,152.24660716735937,9.365440788087425e-05,0.20386709244576978,0.9120655477515744,20.89149261782139,19.42327016580491,0.08791809371140227,1.4957186856563842
15,147.05994409983091,6.002698748778989,5.275,40.0,102.75,0.35,27325,3845.0,165.5,20.5,90.5,8132.5,442.5,20.2,89.75,0.057,0.044,3.68,0.03,0.0005,0.235,3.68,0.65,44.3,51.35,11.475,35.5,62155.5,205.0,41.0,294.78,143,-0.11536523075126592,0.03737318802126597,9.719257643695329,0.0,0.0,0.0,0.0,0.0,0.0,0.0,1.1051463551362954,3.0,-0.49745050730735896,0.23482291829360744,62.869668657822324,0.4747827057165816,0.016330324608963966,16.97946983125046,3.356652478831554,161.72253101482164,1.4275447012869438,0.0036967654630563496,0.0014868348549054314,25.366746420268722,0.00031914203673033526,0.23875942540724132,16.3314565095266,86.83919328703202,7.647385264503037,0.08780713856747877,0.5801377556451494
16,144.30973070162258,6.002698748778989,5.275,40.0,102.75,0.35,27325,3845.0,165.5,20.5,90.5,8132.5,442.5,20.2,89.75,0.057,0.044,3.68,0.03,0.0005,0.235,3.68,0.65,44.3,51.35,11.475,35.5,62155.5,205.0,41.0,294.78,143,-0.11432804176212155,0.036878404353359984,10.2561018424073,0.0,0.0,0.0,0.0,0.0,0.0,0.0,1.0365723587951963,3.0,-0.802558216327834,0.22290563435932195,65.38837028491004,0.22270329077126463,0.03468614774966577,16.982720146035387,2.4122292982300695,139.42459410455862,0.037261760300402395,0.010612720345978936,0.0038418128240495816,178.9970288309406,0.0002496720828973329,0.08368036048165826,16.985241577652083,70.12503870287146,5.207337147590339,0.08780330795004657,0.20748940865528734
17,148.96791167364682,6.002698748778989,5.275,40.0,102.75,0.35,27325,3845.0,165.5,20.5,90.5,8132.5,442.5,20.2,89.75,0.057,0.044,3.68,0.03,0.0005,0.235,3.68,0.65,44.3,51.35,11.475,35.5,62155.5,205.0,41.0,294.78,143,-0.13071148231723728,0.03842096027818267,9.331267969106312,0.0,0.0,0.0,0.0,0.0,0.0,0.0,1.1530105305152136,3.0,-0.5881548766856022,0.2349925317534392,65.63959372211447,0.48040215505837286,0.017564084663374717,14.810400053079542,3.0769210845660844,363.4572200001198,0.9372205046266895,0.020768529662564112,0.005493944113986824,201.6195865229933,0.00033099761184728863,0.27638746138551545,21.308038983999303,22.93812212902833,27.591416325646875,0.0877956458005613,0.5219398173129355
18,156.85334133990915,6.002698748778989,5.275,40.0,102.75,0.35,27325,3845.0,165.5,20.5,90.5,8132.5,442.5,20.2,89.75,0.057,0.044,3.68,0.03,0.0005,0.235,3.68,0.65,44.3,51.35,11.475,35.5,62155.5,205.0,41.0,294.78,143,-0.09567325069379003,0.038954474323462905,9.37674862337325,0.0,0.0,0.0,0.0,0.0,0.0,0.0,1.3551004972263059,3.0,-0.41826939000246116,0.23339530731374267,65.80091641196064,0.6320830206135709,0.03327271902701738,18.027823930995396,3.090876676451702,218.52998394449557,0.03087572218905562,0.009565289421587308,0.003160318319035877,45.4449006373235,8.85638586987787e-05,0.49917845769081853,19.805849177648852,50.160230007998194,8.60983305228955,0.08783777254574703,0.9289956290758016
19,163.37720039274728,6.002698748778989,5.275,40.0,102.75,0.35,27325,3845.0,165.5,20.5,90.5,8132.5,442.5,20.2,89.75,0.057,0.044,3.68,0.03,0.0005,0.235,3.68,0.65,44.3,51.35,11.475,35.5,62155.5,205.0,41.0,294.78,143,-0.18130786605010393,0.03738133277339991,9.880963193376688,0.0,0.0,0.0,0.0,0.0,0.0,0.0,1.5250214498051946,3.0,-0.4617682807117407,0.23498731449161314,65.95890951918035,0.2574546123877103,0.03897662479052761,14.93627953893455,1.682434371437303,299.00285243993676,1.6921681241446704,0.009333017978240625,0.002320295428733874,166.8459708431431,0.00022787421172467426,0.014435285119758867,16.929781824479146,1.9198023347717699,9.794641879868188,0.08786456132184343,0.9698098643651933
20,149.26723793489745,6.002698748778989,5.275,40.0,102.75,0.35,27325,3845.0,165.5,20.5,90.5,8132.5,442.5,20.2,89.75,0.057,0.044,3.68,0.03,0.0005,0.235,3.68,0.65,44.3,51.35,11.475,35.5,62155.5,205.0,41.0,294.78,143,-0.1200354950907757,0.03609255899866941,9.68418513050279,0.0,0.0,0.0,0.0,0.0,0.0,0.0,1.16091088793762,3.0,-0.24756421673583817,0.2349567726024999,59.842558682888495,0.6324024868694861,0.04381047352118891,17.098197340567086,2.0630548011841214,214.8937111669489,1.2974381355397289,0.015113800438323426,0.00644088753277209,31.47987251747191,0.0004036600664194296,0.3012535193182927,9.501288060032103,25.73357604344613,26.066350337440905,0.0877956458005613,0.8811068219115675
21,163.6154464073004,6.002698748778989,5.275,40.0,102.75,0.35,27325,3845.0,165.5,20.5,90.5,8132.5,442.5,20.2,89.75,0.057,0.044,3.68,0.03,0.0005,0.235,3.68,0.65,44.3,51.35,11.475,35.5,62155.5,205.0,41.0,294.78,143,-0.10576076263522736,0.03733005232853066,9.307663297296322,0.0,0.0,0.0,0.0,0.0,0.0,0.0,1.5313035575146396,3.0,-1.3155005158655126,0.23396429994288429,24.43644035293184,0.5082780470124513,0.03638998954273884,14.418398057990704,1.1378218763306378,259.4145255935663,1.5243191149507802,0.006516945949650259,0.006367339919407091,172.016671943996,0.0004541487369437964,0.5675864609480096,35.472610614701004,43.722759930728,41.63706068232984,0.08786838707653408,0.1979106660904338
22,161.97043382259037,6.002698748778989,5.275,40.0,102.75,0.35,27325,3845.0,165.5,20.5,90.5,8132.5,442.5,20.2,89.75,0.057,0.044,3.68,0.03,0.0005,0.235,3.68,0.65,44.3,51.35,11.475,35.5,62155.5,205.0,41.0,294.78,143,-0.09399581157235223,0.03575060702919994,10.218037021211046,0.0,0.0,0.0,0.0,0.0,0.0,0.0,1.4878718437322953,3.0,-0.08773480923524254,0.2329488423176919,61.62633643121613,0.19842944654931252,0.03795328579925919,16.06721021667858,2.112896535174796,96.21436599737633,1.0446684802392003,0.024301411723540764,0.0048009565551576875,33.7292008276879,0.00031830225447999157,0.4866563281014429,25.408098806965032,80.76752025901763,10.194028239404124,0.08784160042449933,1.3939828233491998
23,171.42708744341599,6.002698748778989,5.275,40.0,102.75,0.35,27325,3845.0,165.5,20.5,90.5,8132.5,442.5,20.2,89.75,0.057,0.044,3.68,0.03,0.0005,0.235,3.68,0.65,44.3,51.35,11.475,35.5,62155.5,205.0,41.0,294.78,143,-0.09541343526286815,0.038107646520977236,9.985048610728317,0.0,0.0,0.0,0.0,0.0,0.0,0.0,1.740279477670311,3.0,-0.9360462459116892,0.22767628088228192,65.33215647668575,0.3285697113988513,0.015157068069989644,13.167880450254698,1.1228882424360511,222.8785103122525,0.16528555864025932,0.019631768324139327,0.0002283758808569094,204.52538419713986,0.000428393928813359,0.23033117845288925,5.773307597648829,79.49465282830279,26.824321527834034,0.0878989822148834,0.7967187787106371
24,156.2794093258944,6.002698748778989,5.275,40.0,102.75,0.35,27325,3845.0,165.5,20.5,90.5,8132.5,442.5,20.2,89.75,0.057,0.044,3.68,0.03,0.0005,0.235,3.68,0.65,44.3,51.35,11.475,35.5,62155.5,205.0,41.0,294.78,143,-0.1464136711247262,0.03777446606534652,9.973459092100121,0.0,0.0,0.0,0.0,0.0,0.0,0.0,1.3388967567060097,3.0,-0.32295817658445525,0.2341194289799788,66.0764332735543,0.33945602570074,0.037079904700129056,14.256578394779636,2.9516569460357065,103.01278817814293,0.3487189303576722,0.025094312525155683,0.0024633353740727217,4.526358214557995,0.00013926998241386147,0.20301766627608747,17.05673709561015,42.29667613473583,12.479366066314856,0.08784542799949291,0.9573703369963212
25,164.06159270370262,6.002698748778989,5.275,40.0,102.75,0.35,27325,3845.0,165.5,20.5,90.5,8132.5,442.5,20.2,89.75,0.057,0.044,3.68,0.03,0.0005,0.235,3.68,0.65,44.3,51.35,11.475,35.5,62155.5,205.0,41.0,294.78,143,-0.12903394542105412,0.03885055177641894,9.637930591658868,0.0,0.0,0.0,0.0,0.0,0.0,0.0,1.5422174631950345,3.0,-0.7636139226388904,0.20963054366675316,45.6449144015007,0.49565234701012767,0.04348052838641494,12.4227347999521,3.4727343304478335,236.40456655711156,1.125046861168132,0.010245365483212542,0.003722697122188393,22.353184610718444,0.00019661825592687504,0.10037410402932236,6.496849398693154,0.7344228176481968,13.604721924286126,0.08786838707653408,0.7374379822116242
26,167.85216291517253,6.002698748778989,5.275,40.0,102.75,0.35,27325,3845.0,165.5,20.5,90.5,8132.5,442.5,20.2,89.75,0.057,0.044,3.68,0.03,0.0005,0.235,3.68,0.65,44.3,51.35,11.475,35.5,62155.5,205.0,41.0,294.78,143,-0.12076203267688512,0.037780617408984814,10.507644001476631,0.0,0.0,0.0,0.0,0.0,0.0,0.0,1.6433264913585117,3.0,-0.3297526863894137,0.23431925635410633,65.10990714132117,0.2879356302756142,0.0420939650421246,15.806267026780713,1.6413401086767483,328.5809144741955,0.05105978142110403,0.020103716831117092,0.003743975717459112,22.139830192229,0.0004532349818777059,0.01698750667579858,30.966227127265956,55.76226273582752,11.321776081495695,0.08788368706633337,1.280695459358546
27,167.81313991057456,6.002698748778989,5.275,40.0,102.75,0.35,27325,3845.0,165.5,20.5,90.5,8132.5,442.5,20.2,89.75,0.057,0.044,3.68,0.03,0.0005,0.235,3.68,0.65,44.3,51.35,11.475,35.5,62155.5,205.0,41.0,294.78,143,-0.1664239725501618,0.03904198442754685,9.85291353137668,0.0,0.0,0.0,0.0,0.0,0.0,0.0,1.6426956386999036,3.0,-1.8342219950209397,0.23498115482407675,65.5711734497338,0.5544481861434744,0.029663787559748522,16.30952349207768,2.0929158255582823,364.8401947884752,1.2531275784531806,0.00902229870898985,0.0012952459299522708,163.33266112094174,0.00042828429039710054,0.6318550871919109,32.34721593566355,62.85858989579816,39.24496345010646,0.08787986252301834,-0.2700704663481795
28,149.29557433117714,6.002698748778989,5.275,40.0,102.75,0.35,27325,3845.0,165.5,20.5,90.5,8132.5,442.5,20.2,89.75,0.057,0.044,3.68,0.03,0.0005,0.235,3.68,0.65,44.3,51.35,11.475,35.5,62155.5,205.0,41.0,294.78,143,-0.08107281851488561,0.03711499769779151,9.085706124488201,0.0,0.0,0.0,0.0,0.0,0.0,0.0,1.1613040649060244,3.0,-0.8573517408351318,0.23444329401471417,61.434084286588444,0.7895320870512282,0.023780387360109106,12.084378132332487,1.9893508109734124,361.0117799633554,1.5193118138569313,0.013586800786324203,0.0034542321809447685,33.60707930485896,0.00017747637085643753,0.5672030201973478,16.250577543497677,53.05827341875098,38.20937488782446,0.08779947702777642,0.3106789825837834
29,145.98039539291764,6.002698748778989,5.275,40.0,102.75,0.35,27325,3845.0,165.5,20.5,90.5,8132.5,442.5,20.2,89.75,0.057,0.044,3.68,0.03,0.0005,0.235,3.68,0.65,44.3,51.35,11.475,35.5,62155.5,205.0,41.0,294.78,143,-0.16020774187122927,0.03659216930852323,10.082019229486969,0.0,0.0,0.0,0.0,0.0,0.0,0.0,1.0787263683931116,3.0,-0.5184347444178349,0.23480018624150348,65.17691261674437,0.25149160078459926,0.013788104745513266,11.873773122168465,3.479402245223576,293.21515930897436,1.4606439534607765,0.022572599505313755,0.0017235916643407931,121.84315837665531,0.00015257342006761332,0.42446610162272375,30.98683272672845,42.253797205603945,22.638526379332074,0.08779181426829186,0.4878756963723393
30,160.812716168733,6.002698748778989,5.275,40.0,102.75,0.35,27325,3845.0,165.5,20.5,90.5,8132.5,442.5,20.2,89.75,0.057,0.044,3.68,0.03,0.0005,0.235,3.68,0.65,44.3,51.35,11.475,35.5,62155.5,205.0,41.0,294.78,143,-0.11113817925898455,0.036304054736157734,9.718794722285509,0.0,0.0,0.0,0.0,0.0,0.0,0.0,1.4571232102020144,3.0,-1.0229357159773755,0.23467184560435303,65.39878299076693,0.486300627723979,0.008024217742406093,15.228490334742549,2.6961070434442616,284.28186532783656,0.29557388742590796,0.008303118706190936,0.006107445452662075,183.4492292945629,5.312835709791841e-05,0.46720735512000094,23.347293429640168,17.798362547464446,28.099957910903747,0.08784925527083522,0.41089857023648957
31,171.06551098200939,6.002698748778989,5.275,40.0,102.75,0.35,27325,3845.0,165.5,20.5,90.5,8132.5,442.5,20.2,89.75,0.057,0.044,3.68,0.03,0.0005,0.235,3.68,0.65,44.3,51.35,11.475,35.5,62155.5,205.0,41.0,294.78,143,-0.12223707205211158,0.03685994085418477,10.402368414635706,0.0,0.0,0.0,0.0,0.0,0.0,0.0,1.7296468784024834,3.0,-0.11887115687141821,0.20989557600510186,64.75550585378558,0.20374487649098574,0.015991056415383596,11.556347144586715,2.657191428679283,319.7847644186921,0.661539512766476,0.008969358781667804,0.003173676343896962,12.200152760051031,0.00013807834092460823,0.08932215193093714,22.35016757899408,29.750794061886996,17.14918933280573,0.0878989822148834,1.576437631693837
32,163.1273413558129,6.002698748778989,5.275,40.0,102.75,0.35,27325,3845.0,165.5,20.5,90.5,8132.5,442.5,20.2,89.75,0.057,0.044,3.68,0.03,0.0005,0.235,3.68,0.65,44.3,51.35,11.475,35.5,62155.5,205.0,41.0,294.78,143,-0.10416948156745288,0.03745310258225619,9.897422355899952,0.0,0.0,0.0,0.0,0.0,0.0,0.0,1.5169276184664908,3.0,-0.3276518533411704,0.23498694981256257,66.12501176745121,0.28268164710028526,0.03977130283948695,16.948343083423786,3.2183435875988615,280.09661143998477,0.988420090744412,0.015962573395523393,0.005574878174704457,62.399644442782275,0.00010132975351332042,0.2622099521667445,8.826348382525488,78.30431878224512,23.006413947509277,0.08787221252822577,1.1729784960860934
33,168.95180205884353,6.002698748778989,5.275,40.0,102.75,0.35,27325,3845.0,165.5,20.5,90.5,8132.5,442.5,20.2,89.75,0.057,0.044,3.68,0.03,0.0005,0.235,3.68,0.65,44.3,51.35,11.475,35.5,62155.5,205.0,41.0,294.78,143,-0.15629379607815905,0.03949023998856087,9.313076001171178,0.0,0.0,0.0,0.0,0.0,0.0,0.0,1.6730837668691902,3.0,-0.5534724510634359,0.23448903082891384,62.85397582528208,0.7614988889431166,0.015285037545412156,12.191044506786604,2.5019917163938903,357.522755606888,1.173683866197617,0.011864919208357293,0.0005989645146185369,14.566864227801203,0.0002364876183340483,0.2228851429837155,21.644919227303514,2.7681557478565284,15.153983313092619,0.08790662797583153,1.051224147703427
34,164.13729078274562,6.002698748778989,5.275,40.0,102.75,0.35,27325,3845.0,165.5,20.5,90.5,8132.5,442.5,20.2,89.75,0.057,0.044,3.68,0.03,0.0005,0.235,3.68,0.65,44.3,51.35,11.475,35.5,62155.5,205.0,41.0,294.78,143,-0.12840652386796633,0.03915720900196437,9.658293448910204,0.0,0.0,0.0,0.0,0.0,0.0,0.0,1.5450767692247227,3.0,-0.1565862494662688,0.23442318935085446,66.1917083718224,0.281941769875348,0.024486764552249272,12.9703226545298,2.82833770571297,162.71506654130698,1.3769738585789402,0.007275586180358348,0.00015226249207862095,40.448434943245005,6.117612248878252e-05,0.24889432789481628,14.959715927506672,48.064657051994985,32.08971169569466,0.08786456132184343,1.3479485572123309
35,168.0852214928857,6.002698748778989,5.275,40.0,102.75,0.35,27325,3845.0,165.5,20.5,90.5,8132.5,442.5,20.2,89.75,0.057,0.044,3.68,0.03,0.0005,0.235,3.68,0.65,44.3,51.35,11.475,35.5,62155.5,205.0,41.0,294.78,143,-0.1388060305678519,0.037863468273637,9.869948979984974,0.0,0.0,0.0,0.0,0.0,0.0,0.0,1.6510336566199018,3.0,-0.5386812283995307,0.19578692650738413,58.51041021157932,0.23773531978813633,0.016396928747141114,11.595054798435056,2.5057162621083275,298.05503112453863,0.32723574717596937,0.022021207816878365,0.004607849229434808,61.4850686976973,6.898752604784552e-05,0.5819557582826141,23.535953485540276,20.57538846597383,1.0966726729067997,0.08788368706633337,1.0614300847188527
36,155.4642588877176,6.002698748778989,5.275,40.0,102.75,0.35,27325,3845.0,165.5,20.5,90.5,8132.5,442.5,20.2,89.75,0.057,0.044,3.68,0.03,0.0005,0.235,3.68,0.65,44.3,51.35,11.475,35.5,62155.5,205.0,41.0,294.78,143,-0.0741360206394125,0.03997553062567473,9.91115052706558,0.0,0.0,0.0,0.0,0.0,0.0,0.0,1.3191660506410443,3.0,-0.06915776331549785,0.2305457882373398,64.90496542828231,0.23780523142006132,0.010922004834658338,13.522342349450819,1.2721693830612342,114.59354272746211,1.1422656803123339,0.012049757902442696,0.0034879522935118315,91.43401686463257,7.120912083995367e-05,0.06795756426624987,18.416461317881193,0.462325028341222,23.543510674324406,0.08781479888826325,1.263687065574397
37,174.8451370057694,6.002698748778989,5.275,40.0,102.75,0.35,27325,3845.0,165.5,20.5,90.5,8132.5,442.5,20.2,89.75,0.057,0.044,3.68,0.03,0.0005,0.235,3.68,0.65,44.3,51.35,11.475,35.5,62155.5,205.0,41.0,294.78,143,-0.14112596139299763,0.03934817653216997,10.112490959682276,0.0,0.0,0.0,0.0,0.0,0.0,0.0,1.8320708284852851,3.0,-0.21797939987418785,0.2344840492812262,62.089669587800515,0.4915377290482643,0.02021473502294302,13.266732714142739,3.334558362404969,179.3337859003768,0.4216746802003639,0.01787136281082145,0.00325002368088362,142.93872470942833,1.3412860919908176e-05,0.369991127003262,29.683956700843616,78.03629640767075,35.23614397510039,0.08791427187227126,1.5608797390903708
38,172.32630164091378,6.002698748778989,5.275,40.0,102.75,0.35,27325,3845.0,165.5,20.5,90.5,8132.5,442.5,20.2,89.75,0.057,0.044,3.68,0.03,0.0005,0.235,3.68,0.65,44.3,51.35,11.475,35.5,62155.5,205.0,41.0,294.78,143,-0.14475247326068225,0.036884690397591444,9.964818484589728,0.0,0.0,0.0,0.0,0.0,0.0,0.0,1.7635564974519653,3.0,-0.1452518783629649,0.2261688220724537,51.85999220928197,0.48837624460830886,0.04822893509183071,18.120366754049954,1.1523264415396857,287.75759142441325,0.8402037354033207,0.008636375544759814,0.006268157679896077,163.8143699035211,0.0001425470652254649,0.44875754863998485,8.080322191685044,82.35878628302329,6.043451056188925,0.08792191523417421,1.5614740610624924
39,169.15847589279622,6.002698748778989,5.275,40.0,102.75,0.35,27325,3845.0,165.5,20.5,90.5,8132.5,442.5,20.2,89.75,0.057,0.044,3.68,0.03,0.0005,0.235,3.68,0.65,44.3,51.35,11.475,35.5,62155.5,205.0,41.0,294.78,143,-0.10230792387135292,0.03783291803458573,9.763297750738895,0.0,0.0,0.0,0.0,0.0,0.0,0.0,1.6787665681683426,3.0,-0.8643663516010399,0.23436889822749002,58.529849891139904,0.609138439729394,0.025965879847944132,17.952601326458513,2.2184435990828746,253.91397772696595,0.47593596868403426,0.01435690732394131,0.004858943166055974,121.51004774893767,9.48704383753769e-05,0.011809342553602808,15.836098917420815,38.74608868902091,7.898999609081171,0.08790280524638054,0.7999950979423303
40,151.96361084732985,6.002698748778989,5.275,40.0,102.75,0.35,27325,3845.0,165.5,20.5,90.5,8132.5,442.5,20.2,89.75,0.057,0.044,3.68,0.03,0.0005,0.235,3.68,0.65,44.3,51.35,11.475,35.5,62155.5,205.0,41.0,294.78,143,-0.12462733603758293,0.03461611771290625,9.45698651689267,0.0,0.0,0.0,0.0,0.0,0.0,0.0,1.2295096845095828,3.0,-0.4969968717722977,0.23485854800094388,63.94114676396784,0.58503014551626,0.029707548242942684,15.491437361256612,1.8674571982078019,204.64697092230105,0.8675670623119506,0.01222725280547927,0.00886070785845943,103.23643881290276,6.226603405281817e-05,0.3489235194910088,15.447832694434382,73.56263132430007,33.880396212049305,0.08780713856747877,0.695692615267181
41,169.25601935646696,6.002698748778989,5.275,40.0,102.75,0.35,27325,3845.0,165.5,20.5,90.5,8132.5,442.5,20.2,89.75,0.057,0.044,3.68,0.03,0.0005,0.235,3.68,0.65,44.3,51.35,11.475,35.5,62155.5,205.0,41.0,294.78,143,-0.12467793014396579,0.03755700881156354,9.635134172784538,0.0,0.0,0.0,0.0,0.0,0.0,0.0,1.6813301069829205,3.0,-0.46230224661359953,0.23400621111978198,57.956461551714874,0.2772638807642668,0.04404721941090788,17.27771350781281,1.7872341912224061,263.0030066263311,0.24565997368568376,0.02721923834836111,0.005698470589622781,91.45229629868922,0.00036882409937765066,0.6379648795292469,8.766539052953972,49.317735478426876,39.97549249706994,0.08790280524638054,1.1822527354717358
42,168.51255421248146,6.002698748778989,5.275,40.0,102.75,0.35,27325,3845.0,165.5,20.5,90.5,8132.5,442.5,20.2,89.75,0.057,0.044,3.68,0.03,0.0005,0.235,3.68,0.65,44.3,51.35,11.475,35.5,62155.5,205.0,41.0,294.78,143,-0.09289538691927932,0.03569020882373804,9.148720451495706,0.0,0.0,0.0,0.0,0.0,0.0,0.0,1.6634120460236026,3.0,-0.5155565116230825,0.22102986763255006,53.43033838901114,0.6053544452260146,0.00952020281893162,17.827551140264948,2.3620614394198047,118.59954712699636,0.7581387694495582,0.0241779024547886,0.008283182480602088,197.2437801231143,0.00031537347557787865,0.1504930589439482,15.806171178853914,68.75700676639522,5.719369878601775,0.08787986252301834,1.1428400100042593
43,154.39613387958144,6.002698748778989,5.275,40.0,102.75,0.35,27325,3845.0,165.5,20.5,90.5,8132.5,442.5,20.2,89.75,0.057,0.044,3.68,0.03,0.0005,0.235,3.68,0.65,44.3,51.35,11.475,35.5,62155.5,205.0,41.0,294.78,143,-0.1362238646681446,0.03472672643942289,9.425289326224666,0.0,0.0,0.0,0.0,0.0,0.0,0.0,1.292147667359922,3.0,-0.08497398528268472,0.23459369504411612,42.36548691531776,0.5229281279146906,0.047904583497909624,17.538046137466182,1.6119009477241153,112.42682734153351,0.4137628406007674,0.014893716472303174,0.0053386018442939265,15.378477413744228,0.0003316677021077947,0.06219661476789482,17.63843067856916,6.5259121823755315,0.012726253361820539,0.08781862859183147,1.158768446000924
44,154.6852759759094,6.002698748778989,5.275,40.0,102.75,0.35,27325,3845.0,165.5,20.5,90.5,8132.5,442.5,20.2,89.75,0.057,0.044,3.68,0.03,0.0005,0.235,3.68,0.65,44.3,51.35,11.475,35.5,62155.5,205.0,41.0,294.78,143,-0.12634904445422462,0.037003626248324165,9.479471227779095,0.0,0.0,0.0,0.0,0.0,0.0,0.0,1.2980017365787535,3.0,-0.5940543948019722,0.21689347383694155,60.83317169788331,0.33065715653694927,0.039090792893763424,15.443894785421616,3.1019529602083153,291.9272243933269,1.56521264658465,0.00011932350588025442,0.0007373764745283655,168.6295574874666,0.00021442944908586775,0.21029348321496558,29.347030456582825,80.50270295686789,29.748045225318588,0.08781862859183147,0.6654169259143882
45,151.52064640923498,6.002698748778989,5.275,40.0,102.75,0.35,27325,3845.0,165.5,20.5,90.5,8132.5,442.5,20.2,89.75,0.057,0.044,3.68,0.03,0.0005,0.235,3.68,0.65,44.3,51.35,11.475,35.5,62155.5,205.0,41.0,294.78,143,-0.20849157127049786,0.03579964821254937,8.994262623538685,0.0,0.0,0.0,0.0,0.0,0.0,0.0,1.2174861705516185,3.0,-0.8678339737528213,0.23455201443609972,64.04385127112808,0.6489643451297096,0.010002651880115416,14.644376297854873,2.5525556621260734,263.8722684573697,0.6935035964520172,0.00142201370899799,0.00025188129043017256,75.8986328125707,0.00013433218764933802,0.15515135648416786,34.171500075527966,32.146462771313885,21.184308970101007,0.08781479888826325,0.2289754244165626
46,145.59736576761355,6.002698748778989,5.275,40.0,102.75,0.35,27325,3845.0,165.5,20.5,90.5,8132.5,442.5,20.2,89.75,0.057,0.044,3.68,0.03,0.0005,0.235,3.68,0.65,44.3,51.35,11.475,35.5,62155.5,205.0,41.0,294.78,143,-0.08822926513840627,0.03524402942032902,9.253759462991649,0.0,0.0,0.0,0.0,0.0,0.0,0.0,1.0687979763043425,3.0,-0.6126702808653137,0.22911251144342012,52.93791737991673,0.6853844076112499,0.04809680807817031,12.503582461382532,3.2002902182956507,373.67361233983763,0.1814015069656681,0.013097120116690274,0.006080833182049425,160.47900965239631,0.00017701609687150523,0.42323065249794206,15.876633919209569,18.15069606372014,36.07885403585188,0.0877879824308604,0.4556864127314829
47,149.64577607646672,6.002698748778989,5.275,40.0,102.75,0.35,27325,3845.0,165.5,20.5,90.5,8132.5,442.5,20.2,89.75,0.057,0.044,3.68,0.03,0.0005,0.235,3.68,0.65,44.3,51.35,11.475,35.5,62155.5,205.0,41.0,294.78,143,-0.1322085987371993,0.03747308413609032,10.160274584739815,0.0,0.0,0.0,0.0,0.0,0.0,0.0,1.1712978099209297,3.0,-0.42127215171134513,0.23412594057571762,64.60371447692582,0.37251236539217947,0.01025198925713194,16.0230892447797,2.0164205786616325,127.46242789691225,0.7483497382935752,0.009301569765578912,0.0012604770048044083,64.39593520254653,0.00016678410311765025,0.09549774418060376,19.657414785823253,72.73061510253714,0.36066172579221817,0.08779181426829186,0.7056088737406772
48,143.61459689374038,6.002698748778989,5.275,40.0,102.75,0.35,27325,3845.0,165.5,20.5,90.5,8132.5,442.5,20.2,89.75,0.057,0.044,3.68,0.03,0.0005,0.235,3.68,0.65,44.3,51.35,11.475,35.5,62155.5,205.0,41.0,294.78,143,-0.11972364481137042,0.03587469062369143,10.070064834984048,0.0,0.0,0.0,0.0,0.0,0.0,0.0,1.0184499122679134,3.0,-0.3874110416476723,0.23498111483992415,56.328273856611474,0.48800880120002726,0.020811514426884604,14.743312434421293,1.4256630604491898,353.5828569593066,1.301119449225811,0.012114410034950944,0.007296301847429576,179.85202957922516,0.00037113330327293015,0.06601714891249204,28.82966513268628,82.41576265544279,11.630860588956219,0.08780713856747877,0.5991223643763495
49,156.91280042656214,6.002698748778989,5.275,40.0,102.75,0.35,27325,3845.0,165.5,20.5,90.5,8132.5,442.5,20.2,89.75,0.057,0.044,3.68,0.03,0.0005,0.235,3.68,0.65,44.3,51.35,11.475,35.5,62155.5,205.0,41.0,294.78,143,-0.1441449358261468,0.036732349704190086,9.563791300691994,0.0,0.0,0.0,0.0,0.0,0.0,0.0,1.3559863694405763,3.0,-0.46743133370486234,0.23077488846226898,48.0665560810124,0.6284851758506859,0.037437169505145265,12.57397656899005,1.0264987985718619,165.39067676967477,1.3721480707381268,0.02550513805956815,4.423665793322741e-05,127.4675598613009,0.00018683379282269957,0.3363248351846028,33.154004174697064,77.08245503667528,6.667189055145399,0.08784160042449933,0.8322517003340664
50,164.26320412487138,6.002698748778989,5.275,40.0,102.75,0.35,27325,3845.0,165.5,20.5,90.5,8132.5,442.5,20.2,89.75,0.057,0.044,3.68,0.03,0.0005,0.235,3.68,0.65,44.3,51.35,11.475,35.5,62155.5,205.0,41.0,294.78,143,-0.09230961374713,0.04029422518536631,9.481827550743487,0.0,0.0,0.0,0.0,0.0,0.0,0.0,1.5475592630918764,3.0,-0.42380043659011235,0.2347506223373539,64.95871951219304,0.3261809360770641,0.04762517020018694,17.26297119419849,2.701478196071795,313.3977731996635,0.3389954124417372,0.0005566899646501288,0.0034563644415809094,156.41499217212157,0.00035780437423677794,0.47027095069967983,7.720008601824771,58.60391874947736,36.31490059274849,0.08786456132184343,1.1193137740764776
51,165.1674182381297,6.002698748778989,5.275,40.0,102.75,0.35,27325,3845.0,165.5,20.5,90.5,8132.5,442.5,20.2,89.75,0.057,0.044,3.68,0.03,0.0005,0.235,3.68,0.65,44.3,51.35,11.475,35.5,62155.5,205.0,41.0,294.78,143,-0.10983377878302229,0.03426151919275456,9.565060828410143,0.0,0.0,0.0,0.0,0.0,0.0,0.0,1.5726647184788394,3.0,-1.3391169691752811,0.23452657570453,60.40770161891885,0.3931813580736379,0.03394264846608396,14.153673192776278,1.6621939382778947,237.7058492357026,0.575721859276591,0.02205429849148889,0.008725975899120256,169.95979551206153,0.00047756112146511823,0.5114840145473292,26.89423962729543,80.84782332596923,9.479245158394175,0.08786073526403079,0.2115747057845667
52,156.46091964812362,6.002698748778989,5.275,40.0,102.75,0.35,27325,3845.0,165.5,20.5,90.5,8132.5,442.5,20.2,89.75,0.057,0.044,3.68,0.03,0.0005,0.235,3.68,0.65,44.3,51.35,11.475,35.5,62155.5,205.0,41.0,294.78,143,-0.10738466472975745,0.03706320275750315,9.719787038982576,0.0,0.0,0.0,0.0,0.0,0.0,0.0,1.3435227268627334,3.0,-0.5426383338971216,0.23491647962517467,63.32144736060242,0.3608392284742861,0.030579870987058097,15.397959039316621,2.0978697567931954,358.8082666300801,1.032947993003437,0.018007827012355173,0.003163435251541486,142.55329739484353,0.0002330673904782918,0.11624931837251472,22.468899164844196,68.14069743327873,34.83470679969746,0.08784160042449933,0.7813413286603538
53,169.35818873871028,6.002698748778989,5.275,40.0,102.75,0.35,27325,3845.0,165.5,20.5,90.5,8132.5,442.5,20.2,89.75,0.057,0.044,3.68,0.03,0.0005,0.235,3.68,0.65,44.3,51.35,11.475,35.5,62155.5,205.0,41.0,294.78,143,-0.12991089469041778,0.03923820687540736,9.55703450631658,0.0,0.0,0.0,0.0,0.0,0.0,0.0,1.6847830777167077,3.0,-0.1284730422468633,0.23432012567946625,51.170813070862586,0.380181557154201,0.012165616423072081,16.899567430347908,1.559514409987771,337.59236012287624,0.8920421351278023,0.021325164164276076,0.004329167836498528,17.2787909074007,0.00046765936104869245,0.1368612800035695,14.825685211471832,61.30074737782582,9.317701344574955,0.08790280524638054,1.5143019460258074
54,160.1850685064752,6.002698748778989,5.275,40.0,102.75,0.35,27325,3845.0,165.5,20.5,90.5,8132.5,442.5,20.2,89.75,0.057,0.044,3.68,0.03,0.0005,0.235,3.68,0.65,44.3,51.35,11.475,35.5,62155.5,205.0,41.0,294.78,143,-0.08410876056305973,0.038855635334358436,9.208630869513241,0.0,0.0,0.0,0.0,0.0,0.0,0.0,1.4417085023871101,3.0,-0.38125599944895217,0.23336291663097775,51.37391918810081,0.4603995447536621,0.015372290896613202,16.40121795722553,2.4172238305545344,274.4615668069733,0.8354264735747853,0.0010534621389113497,0.0036686092821202007,104.99288528552019,0.00020268516673632549,0.22038070938151838,33.384506567463724,62.9884337660502,29.66919562733113,0.08784925527083522,1.0641929976459334
55,146.85997840329054,6.002698748778989,5.275,40.0,102.75,0.35,27325,3845.0,165.5,20.5,90.5,8132.5,442.5,20.2,89.75,0.057,0.044,3.68,0.03,0.0005,0.235,3.68,0.65,44.3,51.35,11.475,35.5,62155.5,205.0,41.0,294.78,143,-0.10041822829138987,0.03578627041222545,10.4463616306076,0.0,0.0,0.0,0.0,0.0,0.0,0.0,1.0994851482311172,3.0,-0.5559127358124631,0.2036806278778287,45.295652835417876,0.2646728180177768,0.026138451210021885,16.118135866447293,1.3818068825883203,344.07179748089317,1.1485848339369253,0.029338304155023143,0.007893270455134797,70.18052347337688,0.00046221131271152044,0.2909022389048829,31.65046160011256,44.461621930684835,39.10142928855149,0.08781096888018176,0.530965153007446
56,148.1307545817469,6.002698748778989,5.275,40.0,102.75,0.35,27325,3845.0,165.5,20.5,90.5,8132.5,442.5,20.2,89.75,0.057,0.044,3.68,0.03,0.0005,0.235,3.68,0.65,44.3,51.35,11.475,35.5,62155.5,205.0,41.0,294.78,143,-0.14493347609427942,0.03900925192659184,10.099277831967582,0.0,0.0,0.0,0.0,0.0,0.0,0.0,1.1319039088400158,3.0,-0.5383628305937574,0.22519834291862575,55.83278599588222,0.24428595571557402,0.01310140389294258,13.459437335870634,3.2234761423594507,343.73093193071065,0.41538265414810704,0.02666060868465599,0.001185966216404772,116.08145401997446,0.00010615365056890303,0.13959046958102986,18.962597404403496,88.65267965716399,23.51623695310819,0.08779947702777642,0.5364070791797554
57,155.15285439392278,6.002698748778989,5.275,40.0,102.75,0.35,27325,3845.0,165.5,20.5,90.5,8132.5,442.5,20.2,89.75,0.057,0.044,3.68,0.03,0.0005,0.235,3.68,0.65,44.3,51.35,11.475,35.5,62155.5,205.0,41.0,294.78,143,-0.14715478117826034,0.03676475914859858,10.057429743024944,0.0,0.0,0.0,0.0,0.0,0.0,0.0,1.3104370166007564,3.0,-0.2217512498331134,0.23496997919621176,58.4390400191596,0.3362613404931038,0.04856736280021054,18.003928387916105,1.2272531766877346,190.25954122500625,1.6503824949544788,0.0070003521933320895,0.006298879081945967,92.89829154774577,0.00038876959121963116,0.5558586073872749,23.870708577049854,48.50329723578013,42.077863487200105,0.08782245799099428,1.029353443580377
58,157.73522824034168,6.002698748778989,5.275,40.0,102.75,0.35,27325,3845.0,165.5,20.5,90.5,8132.5,442.5,20.2,89.75,0.057,0.044,3.68,0.03,0.0005,0.235,3.68,0.65,44.3,51.35,11.475,35.5,62155.5,205.0,41.0,294.78,143,-0.11763677797831565,0.037492737045579094,9.466336925529642,0.0,0.0,0.0,0.0,0.0,0.0,0.0,1.3776552267495519,3.0,-0.36443532650491,0.23490381467401392,64.86181746767512,0.3760268436228706,0.02164248330819314,18.14327292127357,3.168856642939704,167.5284028090971,0.9537023308023629,0.015131210825143139,0.0037168203902403895,194.07153433923096,0.0004057866193489163,0.09641282180719621,3.725373231741393,7.900551166480487,3.1698570319893586,0.08783777254574703,0.9834208948120732
59,151.76210257487764,6.002698748778989,5.275,40.0,102.75,0.35,27325,3845.0,165.5,20.5,90.5,8132.5,442.5,20.2,89.75,0.057,0.044,3.68,0.03,0.0005,0.235,3.68,0.65,44.3,51.35,11.475,35.5,62155.5,205.0,41.0,294.78,143,-0.19115659628255727,0.03980812026874438,9.75139152985032,0.0,0.0,0.0,0.0,0.0,0.0,0.0,1.2241071706537143,3.0,-0.22805786973318776,0.23179935212229935,65.69309790594228,0.6053263532563364,0.030317222474037855,15.718370357082758,1.9820989826058357,152.8599300532579,1.6494641775919905,0.012450445823296767,0.0029976123401552904,119.79496280296271,1.6669396232498248e-05,0.22241931063175405,22.95011659466808,5.706038959057002,39.90877307066435,0.08781096888018176,0.8927036735181512
60,169.25080518133257,6.002698748778989,5.275,40.0,102.75,0.35,27325,3845.0,165.5,20.5,90.5,8132.5,442.5,20.2,89.75,0.057,0.044,3.68,0.03,0.0005,0.235,3.68,0.65,44.3,51.35,11.475,35.5,62155.5,205.0,41.0,294.78,143,-0.09144745215404088,0.038814746301454955,10.093532265493181,0.0,0.0,0.0,0.0,0.0,0.0,0.0,1.681244956549839,3.0,-0.31856151163943947,0.1915996548400017,65.2551029993753,0.3873011105726385,0.022609730737275555,18.39321101875143,3.1329200645112443,175.08032167283997,1.423833913385,0.017033472864488013,0.0030579856650038736,82.63853841034144,0.0004127943666828088,0.4002630650162385,27.92133181976223,79.31215423617121,19.91590021057928,0.08790280524638054,1.3591387980027394
61,153.77941248768963,6.002698748778989,5.275,40.0,102.75,0.35,27325,3845.0,165.5,20.5,90.5,8132.5,442.5,20.2,89.75,0.057,0.044,3.68,0.03,0.0005,0.235,3.68,0.65,44.3,51.35,11.475,35.5,62155.5,205.0,41.0,294.78,143,-0.10090871283317035,0.03800765713044913,9.556904922135008,0.0,0.0,0.0,0.0,0.0,0.0,0.0,1.2740133003441179,3.0,-0.3971905191772837,0.2340251533980446,56.3802465870242,0.5093951255233313,0.017155553245312892,18.193925716382413,2.1066038757765417,334.6143732212961,1.5613776241867607,0.013870628302769056,0.001260281072833756,117.0606120731371,0.00019466634983894126,0.35514409636347183,6.529723443862455,44.36817053645226,43.467668861730935,0.08782628708585928,0.8637403554195231
62,148.31799769115213,6.002698748778989,5.275,40.0,102.75,0.35,27325,3845.0,165.5,20.5,90.5,8132.5,442.5,20.2,89.75,0.057,0.044,3.68,0.03,0.0005,0.235,3.68,0.65,44.3,51.35,11.475,35.5,62155.5,205.0,41.0,294.78,143,-0.0944314487469469,0.03787046795841694,9.853113912153367,0.0,0.0,0.0,0.0,0.0,0.0,0.0,1.1371115531893283,3.0,-0.27204273069413176,0.23496858732595008,65.57961177350596,0.5915183021509874,0.030131974691424243,16.162531448565623,1.8905584889150784,205.66169009032964,1.6542684780582442,0.008503201786973473,0.001510768414998384,47.012568538025064,1.642396728188944e-06,0.6030886586794786,27.6016910922065,58.67512526630408,3.3498236999681232,0.08780330795004657,0.8584406816982962
63,154.56220904416213,6.002698748778989,5.275,40.0,102.75,0.35,27325,3845.0,165.5,20.5,90.5,8132.5,442.5,20.2,89.75,0.057,0.044,3.68,0.03,0.0005,0.235,3.68,0.65,44.3,51.35,11.475,35.5,62155.5,205.0,41.0,294.78,143,-0.21259049133920319,0.03803198970460487,10.150382914303545,0.0,0.0,0.0,0.0,0.0,0.0,0.0,1.29602685620755,3.0,-1.244203516078741,0.2347003547761113,64.29615566062999,0.30976619778716863,0.04165865800548477,13.753262639830194,2.4930854040215586,298.9153569167471,1.0286524323661537,0.004221052312158712,0.0044944277251840956,133.34376107891615,5.900659882567716e-05,0.5948325011496595,14.041367616946353,74.01443846880036,3.2054047590122194,0.08782628708585928,-0.07294086412453481
64,164.4379087682252,6.002698748778989,5.275,40.0,102.75,0.35,27325,3845.0,165.5,20.5,90.5,8132.5,442.5,20.2,89.75,0.057,0.044,3.68,0.03,0.0005,0.235,3.68,0.65,44.3,51.35,11.475,35.5,62155.5,205.0,41.0,294.78,143,-0.0615956287030532,0.03782217505261417,9.844111429431655,0.0,0.0,0.0,0.0,0.0,0.0,0.0,1.552890568389332,3.0,-1.1994025511114934,0.23490600689867644,63.80568043329589,0.3198169252435481,0.03526267307615508,17.860280545155025,3.4717836514513913,298.9576193259043,0.7792591158165013,0.0014259931406025428,0.0003570365873891491,21.870222275152173,6.14557628687084e-05,0.32357638868066646,12.65661545632148,49.233981926187894,1.4170826595948556,0.08786456132184343,0.3797569498966287
65,148.1958680702806,6.002698748778989,5.275,40.0,102.75,0.35,27325,3845.0,165.5,20.5,90.5,8132.5,442.5,20.2,89.75,0.057,0.044,3.68,0.03,0.0005,0.235,3.68,0.65,44.3,51.35,11.475,35.5,62155.5,205.0,41.0,294.78,143,-0.1322427806453343,0.03647686366962065,9.868221054108423,0.0,0.0,0.0,0.0,0.0,0.0,0.0,1.1337339062530198,3.0,-0.10178784595114942,0.23467484230750915,65.67612873747208,0.532841009154303,0.039937006528002174,15.194957170301745,1.887040853696032,229.7014212684318,0.12243600143987918,0.014205663133538984,0.005038452342506537,102.32393817493792,0.00042768429507869423,0.21089465727211587,27.631931714174627,3.9828441606471716,12.642724785621812,0.08780713856747877,0.9875104182240149
66,161.740606934282,6.002698748778989,5.275,40.0,102.75,0.35,27325,3845.0,165.5,20.5,90.5,8132.5,442.5,20.2,89.75,0.057,0.044,3.68,0.03,0.0005,0.235,3.68,0.65,44.3,51.35,11.475,35.5,62155.5,205.0,41.0,294.78,143,-0.15860912268285965,0.03903082558545828,9.797875199898044,0.0,0.0,0.0,0.0,0.0,0.0,0.0,1.4822131550850592,3.0,-0.23813193014508774,0.23420080266492732,49.96321698664538,0.25856049311804186,0.015385766884984388,14.122058711423096,1.6146737880684945,311.8768752696636,1.2109466756409697,0.01375754771372619,0.001827067272317247,56.003970108318825,0.00011072787769574644,0.39237846442254265,22.50051487663916,8.085462752276229,30.14711132488023,0.08784160042449933,1.1733137026816112
67,147.3593356986448,6.002698748778989,5.275,40.0,102.75,0.35,27325,3845.0,165.5,20.5,90.5,8132.5,442.5,20.2,89.75,0.057,0.044,3.68,0.03,0.0005,0.235,3.68,0.65,44.3,51.35,11.475,35.5,62155.5,205.0,41.0,294.78,143,-0.09616211686996125,0.03656654833892604,9.699477346047399,0.0,0.0,0.0,0.0,0.0,0.0,0.0,1.1110552657784414,3.0,-0.2854901300887215,0.21462624103219136,65.26880223266484,0.525675706270832,0.008022994323301218,17.135076436580654,1.2300651613916076,267.4971763979233,0.24912127533953124,0.027643094602918625,0.002793079913230374,5.144472384350697,0.00011424298540694117,0.576441788679051,3.742722885542938,30.705606544955987,24.199273923493216,0.08780713856747877,0.8172101573872373
68,157.08680179827604,6.002698748778989,5.275,40.0,102.75,0.35,27325,3845.0,165.5,20.5,90.5,8132.5,442.5,20.2,89.75,0.057,0.044,3.68,0.03,0.0005,0.235,3.68,0.65,44.3,51.35,11.475,35.5,62155.5,205.0,41.0,294.78,143,-0.11320605649447857,0.037215117738557936,10.109703283190898,0.0,0.0,0.0,0.0,0.0,0.0,0.0,1.3587570684055892,3.0,-0.4742707700733962,0.2345344743571779,59.3972777636502,0.2188403579467226,0.031398818309884585,12.506675141201988,3.5212878866419723,241.50612759803198,1.1362927312677933,0.009643431268555405,0.001005512750890341,2.6020201299619563,2.9713973963834017e-05,0.07894433298493415,30.36469835439742,69.15354540371179,13.958237446333865,0.08783777254574703,0.8591180143834615
69,143.7545351378084,6.002698748778989,5.275,40.0,102.75,0.35,27325,3845.0,165.5,20.5,90.5,8132.5,442.5,20.2,89.75,0.057,0.044,3.68,0.03,0.0005,0.235,3.68,0.65,44.3,51.35,11.475,35.5,62155.5,205.0,41.0,294.78,143,-0.08829923957088505,0.038681006353501336,9.722803466664278,0.0,0.0,0.0,0.0,0.0,0.0,0.0,1.0227128237154506,3.0,-0.657703274286151,0.10864335281326454,65.37745862736585,0.2641806444872054,0.014721985431415867,13.98047029425347,3.47610490656097,290.2091407860675,1.690113623762751,0.0040021751145616,0.0027068348718730095,78.22820444795296,0.0004344028139163212,0.21208731827457702,31.114097123018666,18.34055873458507,28.53641324241342,0.08780713856747877,0.3645174484258933
70,166.8019960355769,6.002698748778989,5.275,40.0,102.75,0.35,27325,3845.0,165.5,20.5,90.5,8132.5,442.5,20.2,89.75,0.057,0.044,3.68,0.03,0.0005,0.235,3.68,0.65,44.3,51.35,11.475,35.5,62155.5,205.0,41.0,294.78,143,-0.0862634776624914,0.03612156865920656,9.649129481904392,0.0,0.0,0.0,0.0,0.0,0.0,0.0,1.615226258138685,3.0,-0.6172064555538375,0.2339676231029595,57.554274488350394,0.6298569065233374,0.03889218017388077,11.837878113002239,1.419730168496837,171.13556360577383,0.8400116093683869,0.024904749111387542,0.0015382596818584802,122.66624099233204,0.0004819803196092758,0.2510301333911835,34.75302920224426,88.43941427325217,12.510620727494036,0.08788368706633337,0.9996400119886895
71,145.24492469909944,6.002698748778989,5.275,40.0,102.75,0.35,27325,3845.0,165.5,20.5,90.5,8132.5,442.5,20.2,89.75,0.057,0.044,3.68,0.03,0.0005,0.235,3.68,0.65,44.3,51.35,11.475,35.5,62155.5,205.0,41.0,294.78,143,-0.14735684406483984,0.036797200877172906,9.800772916131121,0.0,0.0,0.0,0.0,0.0,0.0,0.0,1.0605052899065053,3.0,-0.23965900339301013,0.232738718539556,62.6718625228511,0.4149341617608472,0.023137084608182746,15.941931324151252,2.691706545766555,169.61119850292732,0.581378109328409,0.021895608199158305,0.0037631412314144347,57.10162479396864,0.00019023919689196517,0.43867452197728657,4.814325914317783,11.702484210942394,17.32774698147552,0.08779181426829186,0.7612812567169471
72,173.31099638569398,6.002698748778989,5.275,40.0,102.75,0.35,27325,3845.0,165.5,20.5,90.5,8132.5,442.5,20.2,89.75,0.057,0.044,3.68,0.03,0.0005,0.235,3.68,0.65,44.3,51.35,11.475,35.5,62155.5,205.0,41.0,294.78,143,-0.12596397955597002,0.03635360248359693,9.957320531299098,0.0,0.0,0.0,0.0,0.0,0.0,0.0,1.7901209153098572,3.0,-0.19846552791011998,0.23394694743651887,56.98467036771235,0.2900494832399825,0.042596161445039624,12.60184766013987,1.403969386598455,121.00969449157719,0.10255010133183005,0.01473041030857826,0.006630849725372249,59.35985921102398,6.87237675532742e-05,0.200175267271267,29.42031570745859,39.32069009317731,27.656107450322445,0.08791809371140227,1.5536095015551696
73,146.35338063973484,6.002698748778989,5.275,40.0,102.75,0.35,27325,3845.0,165.5,20.5,90.5,8132.5,442.5,20.2,89.75,0.057,0.044,3.68,0.03,0.0005,0.235,3.68,0.65,44.3,51.35,11.475,35.5,62155.5,205.0,41.0,294.78,143,-0.11954316179556095,0.03547516567981225,9.46505149815372,0.0,0.0,0.0,0.0,0.0,0.0,0.0,1.0874740926848316,3.0,-0.1452237688547337,0.2321491944197168,58.48639583252105,0.4832218710917451,0.0276254146499263,17.48555506460394,3.3093767344846676,99.44400969506711,1.0603943160589042,0.01847385679603089,0.0011672903777922958,22.848799423192222,0.0003186633722551194,0.6075185194047492,12.559561192760746,40.246588876946404,17.707174378079955,0.0877841502881582,0.9104913123226952
74,144.5597588047823,6.002698748778989,5.275,40.0,102.75,0.35,27325,3845.0,165.5,20.5,90.5,8132.5,442.5,20.2,89.75,0.057,0.044,3.68,0.03,0.0005,0.235,3.68,0.65,44.3,51.35,11.475,35.5,62155.5,205.0,41.0,294.78,143,-0.09089214763239079,0.037874539022466604,9.613387986667842,0.0,0.0,0.0,0.0,0.0,0.0,0.0,1.0433189155356184,3.0,-1.9083026946157675,0.23385149574024516,61.83534294433098,0.5101349257016689,0.02477591741404806,12.864976221229862,2.0340412753592827,373.61584126330274,0.7207218373928782,0.004843374810621512,0.0008979129926226587,161.07830581379648,0.00044657316442437296,0.5116557287069842,31.700884891758403,69.49648227882727,11.180555061456674,0.08780330795004657,-0.8680726187624933
75,152.1387218484823,6.002698748778989,5.275,40.0,102.75,0.35,27325,3845.0,165.5,20.5,90.5,8132.5,442.5,20.2,89.75,0.057,0.044,3.68,0.03,0.0005,0.235,3.68,0.65,44.3,51.35,11.475,35.5,62155.5,205.0,41.0,294.78,143,-0.11049309976146936,0.03568015755005814,9.236034179450769,0.0,0.0,0.0,0.0,0.0,0.0,0.0,1.2338180569639963,3.0,-0.946745541627228,0.2348665784227715,20.70783921131703,0.6584059247013112,0.011808965307989335,13.868396924467275,2.255267768315835,247.20954253004675,1.6759634910451946,0.013678787905053493,0.006697559279126868,12.406401818065934,0.00043687995488409686,0.20114661307424775,27.963822633696317,59.719620686753004,42.53342602014147,0.08780713856747877,0.2643865541427778
76,144.18642897220408,6.002698748778989,5.275,40.0,102.75,0.35,27325,3845.0,165.5,20.5,90.5,8132.5,442.5,20.2,89.75,0.057,0.044,3.68,0.03,0.0005,0.235,3.68,0.65,44.3,51.35,11.475,35.5,62155.5,205.0,41.0,294.78,143,-0.1445108133830617,0.03533654329197917,9.478126958330538,0.0,0.0,0.0,0.0,0.0,0.0,0.0,1.0337204446580537,3.0,-0.5776234231024571,0.23350467027994942,64.44355736444388,0.6588861748574122,0.027174235501059085,13.332942385461786,2.8282393829510335,214.00685663177126,0.2741115346896664,0.002658813341421713,0.006246395291220084,166.905593053794,0.00011141810678728947,0.25637287443518736,9.003108929332571,27.808047978942252,3.2909148087255953,0.08779947702777642,0.3993856852003113
77,172.54212847575877,6.002698748778989,5.275,40.0,102.75,0.35,27325,3845.0,165.5,20.5,90.5,8132.5,442.5,20.2,89.75,0.057,0.044,3.68,0.03,0.0005,0.235,3.68,0.65,44.3,51.35,11.475,35.5,62155.5,205.0,41.0,294.78,143,-0.10495113172444276,0.03889213875532156,10.21423913453948,0.0,0.0,0.0,0.0,0.0,0.0,0.0,1.7690046769620724,3.0,-1.9794727666255574,0.2349486231156061,57.78434913584747,0.31460792143288363,0.03847219730229098,15.147138338084309,2.0005291094956514,318.49762202730676,0.8983512118371102,0.026535111822389483,0.005032612796962437,50.33165292806063,0.00013482655847187687,0.3470240820864319,14.983080919734544,63.78012385433303,3.9455960427708683,0.08792573645544285,-0.2274934849324848
78,170.5079472987541,6.002698748778989,5.275,40.0,102.75,0.35,27325,3845.0,165.5,20.5,90.5,8132.5,442.5,20.2,89.75,0.057,0.044,3.68,0.03,0.0005,0.235,3.68,0.65,44.3,51.35,11.475,35.5,62155.5,205.0,41.0,294.78,143,-0.12439882938664801,0.03451269762509547,10.27503634238342,0.0,0.0,0.0,0.0,0.0,0.0,0.0,1.7152095305972068,3.0,-0.28762595105192357,0.21009378979622648,60.20036211929082,0.2984349521183682,0.04914949707382549,13.308386559565985,1.0932411435989633,182.4219131852351,1.415968905558374,0.01105506763334381,0.0038166545054852904,33.20563368224346,0.0003836279071978639,0.5746655083847798,7.400000786304407,12.85592798992843,33.74492818115838,0.08790280524638054,1.3910875554050157
79,152.43151346896286,6.002698748778989,5.275,40.0,102.75,0.35,27325,3845.0,165.5,20.5,90.5,8132.5,442.5,20.2,89.75,0.057,0.044,3.68,0.03,0.0005,0.235,3.68,0.65,44.3,51.35,11.475,35.5,62155.5,205.0,41.0,294.78,143,-0.1614381018828327,0.036431486271280226,9.571234271062023,0.0,0.0,0.0,0.0,0.0,0.0,0.0,1.2409949088237888,3.0,-0.1329378855772396,0.2342972865814128,64.05343298465041,0.5781673706976141,0.049400729642717536,16.44469418440655,3.1624245722656577,194.61386665746338,0.2590939806030742,0.02756800921678394,3.3765761521138127e-05,13.371493240394944,0.0003044014730223238,0.449048892151397,18.43738222305858,67.30940179232383,24.989955973528687,0.08779947702777642,1.0344183983914927
80,150.51981738490082,6.002698748778989,5.275,40.0,102.75,0.35,27325,3845.0,165.5,20.5,90.5,8132.5,442.5,20.2,89.75,0.057,0.044,3.68,0.03,0.0005,0.235,3.68,0.65,44.3,51.35,11.475,35.5,62155.5,205.0,41.0,294.78,143,-0.1312255109447931,0.036281426668646435,9.813374438275282,0.0,0.0,0.0,0.0,0.0,0.0,0.0,1.1916920258621735,3.0,-0.7982934881651659,0.2349499836807458,60.98281363775509,0.34346749465857573,0.04352358967427389,16.6885001572611,3.3566746845476376,295.1615368641184,0.504175117402098,0.020282443992954223,0.006351965354173533,149.15018532705616,0.0004673096548840569,0.17086642674292116,12.399971423359974,86.00450701008516,19.52661940420211,0.08781096888018176,0.3499839956323963
81,162.53328480679525,6.002698748778989,5.275,40.0,102.75,0.35,27325,3845.0,165.5,20.5,90.5,8132.5,442.5,20.2,89.75,0.057,0.044,3.68,0.03,0.0005,0.235,3.68,0.65,44.3,51.35,11.475,35.5,62155.5,205.0,41.0,294.78,143,-0.12524789149220966,0.03798147017672284,9.646843129647552,0.0,0.0,0.0,0.0,0.0,0.0,0.0,1.5028335912737345,3.0,-0.5515663844488071,0.21043002649028122,53.20753754859611,0.45811021247754463,0.04070460818458354,18.263080075376894,2.369964669551801,202.7363284234936,1.076558321452778,0.028985868553670312,0.005942248213196277,121.2023649830421,8.981691021794841e-05,0.5042621391029082,25.29209780925875,10.256101608606986,21.51301968116596,0.08787603767701821,0.9138953530097359
82,152.36238667722972,6.002698748778989,5.275,40.0,102.75,0.35,27325,3845.0,165.5,20.5,90.5,8132.5,442.5,20.2,89.75,0.057,0.044,3.68,0.03,0.0005,0.235,3.68,0.65,44.3,51.35,11.475,35.5,62155.5,205.0,41.0,294.78,143,-0.12159877415661148,0.03811044506163595,9.321315934950142,0.0,0.0,0.0,0.0,0.0,0.0,0.0,1.238597012852991,3.0,-2.1940950698243378,0.23416362016335984,66.02889916304147,0.5514071614244679,0.03213656985067593,11.902363344410334,2.556583221927148,288.19670117733403,0.47205652769408935,0.020248739226157796,0.0036687285353198674,0.7551361957459468,0.00030681921450864224,0.5153591971025745,10.14958521043503,0.6750784167490932,19.13191752930975,0.08780330795004657,-0.9892935231779117
83,154.89642251094313,6.002698748778989,5.275,40.0,102.75,0.35,27325,3845.0,165.5,20.5,90.5,8132.5,442.5,20.2,89.75,0.057,0.044,3.68,0.03,0.0005,0.235,3.68,0.65,44.3,51.35,11.475,35.5,62155.5,205.0,41.0,294.78,143,-0.18096739261107087,0.03661704368283219,9.702382720717498,0.0,0.0,0.0,0.0,0.0,0.0,0.0,1.303317607754189,3.0,-0.2849844567975869,0.23449108893722112,12.119660142392298,0.6112996342833125,0.03820026202683387,12.759580699004937,2.7666832245711808,142.722314783244,1.0989156466462433,0.0077431547855024985,0.00012562892267474482,129.80339188804064,0.0004477748759763607,0.015875642566197074,12.509477859674707,42.909230868312434,13.588165315394845,0.08782245799099428,0.9251882163365256
84,173.85720649320496,6.002698748778989,5.275,40.0,102.75,0.35,27325,3845.0,165.5,20.5,90.5,8132.5,442.5,20.2,89.75,0.057,0.044,3.68,0.03,0.0005,0.235,3.68,0.65,44.3,51.35,11.475,35.5,62155.5,205.0,41.0,294.78,143,-0.10590127590830005,0.03847109642815091,9.691733181663185,0.0,0.0,0.0,0.0,0.0,0.0,0.0,1.8064227823476218,3.0,-0.2762291817038411,0.23008355871875277,62.34690419533903,0.38772273167454324,0.030213249593841196,13.882665965898864,2.188354865167478,371.0140888866145,1.3457613447651577,0.0006324887478580221,0.0009747760152961387,201.2669363105586,3.7306565436351026e-05,0.22816727277120422,9.103056277024837,78.68653001592781,37.3386203729292,0.08791809371140227,1.512210418446883
85,148.0752838913488,6.002698748778989,5.275,40.0,102.75,0.35,27325,3845.0,165.5,20.5,90.5,8132.5,442.5,20.2,89.75,0.057,0.044,3.68,0.03,0.0005,0.235,3.68,0.65,44.3,51.35,11.475,35.5,62155.5,205.0,41.0,294.78,143,-0.0790943944784457,0.036726606739371885,9.268328280214075,0.0,0.0,0.0,0.0,0.0,0.0,0.0,1.130763426293908,3.0,-2.6398550424576537,0.2289722625245011,25.327503572497086,0.764866059547167,0.018406209425694025,13.989987264575545,1.8061327538492824,317.7751043778369,0.23777341385303463,0.021552274876586588,0.0009511235703219265,204.21805991353483,5.752660599435339e-05,0.2961371491963243,34.951643823343666,85.30526851050678,14.785879977169571,0.08780330795004657,-1.5003827026921448
86,153.5909045973494,6.002698748778989,5.275,40.0,102.75,0.35,27325,3845.0,165.5,20.5,90.5,8132.5,442.5,20.2,89.75,0.057,0.044,3.68,0.03,0.0005,0.235,3.68,0.65,44.3,51.35,11.475,35.5,62155.5,205.0,41.0,294.78,143,-0.12188720847756947,0.03862427069959172,9.412543738173374,0.0,0.0,0.0,0.0,0.0,0.0,0.0,1.2694291555586164,3.0,-0.5294669038349532,0.23480866814562462,64.75152989178999,0.5787462877165458,0.032263981200697775,15.662918297853537,2.7493597409968427,162.70413019204798,1.168003570961558,0.024320534504801976,0.0004998098521792464,159.08265740969884,0.0002219452701728215,0.5263872998627034,6.949955179394308,23.238744543092942,38.691166038862,0.08782628708585928,0.7059013303319529
87,171.47543889896576,6.002698748778989,5.275,40.0,102.75,0.35,27325,3845.0,165.5,20.5,90.5,8132.5,442.5,20.2,89.75,0.057,0.044,3.68,0.03,0.0005,0.235,3.68,0.65,44.3,51.35,11.475,35.5,62155.5,205.0,41.0,294.78,143,-0.09900966888421199,0.03730651902823051,9.621134064330217,0.0,0.0,0.0,0.0,0.0,0.0,0.0,1.7410798902742848,3.0,-0.4053490457173665,0.23434555786182276,66.02858092399173,0.44022048669884406,0.011109798805862776,14.096623286884585,3.302296591519024,260.9197242025426,0.38272319492913803,0.028063688125790846,0.0006989881338276558,77.198652509403,0.00020767046001016272,0.3919101172975572,12.809437355235902,35.08525446880186,19.99808035982053,0.08790280524638054,1.324623980919087
88,172.26431721778422,6.002698748778989,5.275,40.0,102.75,0.35,27325,3845.0,165.5,20.5,90.5,8132.5,442.5,20.2,89.75,0.057,0.044,3.68,0.03,0.0005,0.235,3.68,0.65,44.3,51.35,11.475,35.5,62155.5,205.0,41.0,294.78,143,-0.11058579960671262,0.04038485371328502,9.473223329916186,0.0,0.0,0.0,0.0,0.0,0.0,0.0,1.7602201088003677,3.0,-0.5090202857752706,0.23128832157526294,65.08049197293607,0.5446583132719511,0.04212344814996632,16.232880261905965,2.663903265551698,286.95045805156167,1.2391475322146979,0.01986497767827568,0.0019619239744552547,42.71521424166794,0.00010684085783037844,0.17992810554470062,30.463793726324177,75.94918568679535,35.736730165151265,0.08792573645544285,1.2285397598738275
89,151.61382109886262,6.002698748778989,5.275,40.0,102.75,0.35,27325,3845.0,165.5,20.5,90.5,8132.5,442.5,20.2,89.75,0.057,0.044,3.68,0.03,0.0005,0.235,3.68,0.65,44.3,51.35,11.475,35.5,62155.5,205.0,41.0,294.78,143,-0.1040600456205557,0.037057838791029814,9.937622396705624,0.0,0.0,0.0,0.0,0.0,0.0,0.0,1.2206050989442765,3.0,-1.1316563233955446,0.23491141293537657,63.251960391304245,0.40677602389359035,0.00859491389668382,17.551012703207725,2.853302929611927,292.4804967620012,0.7977140496468815,0.025624486233581947,0.0006394678907654654,106.00577508358258,0.00014334244508092497,0.5947698672253552,25.558709358623954,86.17172731951949,32.51985782045745,0.08780713856747877,0.0726958684956551
90,147.94164988661927,6.002698748778989,5.275,40.0,102.75,0.35,27325,3845.0,165.5,20.5,90.5,8132.5,442.5,20.2,89.75,0.057,0.044,3.68,0.03,0.0005,0.235,3.68,0.65,44.3,51.35,11.475,35.5,62155.5,205.0,41.0,294.78,143,-0.13073779234679378,0.036685118015748266,10.063916715529775,0.0,0.0,0.0,0.0,0.0,0.0,0.0,1.1272399334078673,3.0,-0.7855677301160938,0.23491019822046424,64.254406845601,0.329058077938669,0.01730026464200013,18.232996419054405,2.7964422426574,304.61610389547104,0.8736315621903668,0.014679961185459759,0.005666005426655732,156.12236311359172,0.000466815648887574,0.3439673901181364,3.966027932891526,60.25521234490586,13.5832491988488,0.08780330795004657,0.2987377188950262
91,155.5626812590783,6.002698748778989,5.275,40.0,102.75,0.35,27325,3845.0,165.5,20.5,90.5,8132.5,442.5,20.2,89.75,0.057,0.044,3.68,0.03,0.0005,0.235,3.68,0.65,44.3,51.35,11.475,35.5,62155.5,205.0,41.0,294.78,143,-0.08581534462236502,0.037439663917917594,9.49827405952663,0.0,0.0,0.0,0.0,0.0,0.0,0.0,1.3220934430615783,3.0,-0.6233177754646617,0.23361747115244988,60.864273299734954,0.44943366594302736,0.03770619574867835,17.490027252661594,2.5192749572632946,287.97136850423345,0.6097964289517539,0.0251521595351726,0.0017161892023837603,3.812301121712145,0.00020053448269940328,0.3970194437015602,21.212580096712372,85.51064678645055,37.80136510936937,0.08781479888826325,0.7007751218628148
92,162.87927977750695,6.002698748778989,5.275,40.0,102.75,0.35,27325,3845.0,165.5,20.5,90.5,8132.5,442.5,20.2,89.75,0.057,0.044,3.68,0.03,0.0005,0.235,3.68,0.65,44.3,51.35,11.475,35.5,62155.5,205.0,41.0,294.78,143,-0.10522446533782921,0.03497470851631686,9.851256263886905,0.0,0.0,0.0,0.0,0.0,0.0,0.0,1.5109216402006909,3.0,-1.2783172037573733,0.21928980502487097,52.11020576554196,0.5695093323398781,0.014435554659522936,15.013841054926036,1.5185964417713607,336.78421802018573,0.35361203656793044,0.008550756065438857,0.008385868990183615,76.4334567567281,0.0002871614455519435,0.5916193323333385,15.652745026304567,21.055913650036203,40.8400285186639,0.08786838707653408,0.21524835818202245
93,149.3145872042886,6.002698748778989,5.275,40.0,102.75,0.35,27325,3845.0,165.5,20.5,90.5,8132.5,442.5,20.2,89.75,0.057,0.044,3.68,0.03,0.0005,0.235,3.68,0.65,44.3,51.35,11.475,35.5,62155.5,205.0,41.0,294.78,143,-0.10366487062557599,0.03722474837549878,8.957906598358635,0.0,0.0,0.0,0.0,0.0,0.0,0.0,1.1619563591136368,3.0,-0.8711371156800234,0.230381641869889,63.34700105908238,0.6513239963291826,0.037792980398817136,17.46223976833981,2.257762842879729,131.44535162539998,0.933768425048043,0.0004087789111932927,0.0034295723618398746,82.77803633018405,0.00015714784014413165,0.5956802648994535,3.7009682388912317,72.30853386476178,18.022045620316135,0.08779181426829186,0.27494618707632923
94,163.137485558001,6.002698748778989,5.275,40.0,102.75,0.35,27325,3845.0,165.5,20.5,90.5,8132.5,442.5,20.2,89.75,0.057,0.044,3.68,0.03,0.0005,0.235,3.68,0.65,44.3,51.35,11.475,35.5,62155.5,205.0,41.0,294.78,143,-0.09875544534430299,0.03658039563455083,9.417112061590771,0.0,0.0,0.0,0.0,0.0,0.0,0.0,1.5170862131497158,3.0,-0.1312325882325376,0.23450080724026287,44.386396572992716,0.3516228894502485,0.03422393716488816,18.02243073479766,3.1801020285551713,179.88429078098838,0.340114286523335,0.02611206769655988,0.0013687404748431123,139.8943579752275,0.00011105668765923166,0.4735287890527247,14.985959964657706,40.21857327120049,43.73073958227829,0.08787221252822577,1.3749703921011012
95,169.7374190128653,6.002698748778989,5.275,40.0,102.75,0.35,27325,3845.0,165.5,20.5,90.5,8132.5,442.5,20.2,89.75,0.057,0.044,3.68,0.03,0.0005,0.235,3.68,0.65,44.3,51.35,11.475,35.5,62155.5,205.0,41.0,294.78,143,-0.15578387011350894,0.03631768643600567,10.237175710102933,0.0,0.0,0.0,0.0,0.0,0.0,0.0,1.6933868790995237,3.0,-0.17671988336977884,0.23466081966178706,11.126149949895689,0.4237519007731745,0.020202208781625583,16.829554190766412,3.529859685367064,253.85222228872985,1.553793086593702,0.018496920624759525,0.0005757143075201265,5.774656494903098,0.0001256931289459054,0.3117508939641353,8.250558091269482,8.574284187222347,14.244833573256727,0.08790280524638054,1.4487859308626165
96,153.2828746994612,6.002698748778989,5.275,40.0,102.75,0.35,27325,3845.0,165.5,20.5,90.5,8132.5,442.5,20.2,89.75,0.057,0.044,3.68,0.03,0.0005,0.235,3.68,0.65,44.3,51.35,11.475,35.5,62155.5,205.0,41.0,294.78,143,-0.09402834237172863,0.03714912306408413,9.217737212933747,0.0,0.0,0.0,0.0,0.0,0.0,0.0,1.2626204768238074,3.0,-0.9413129229623083,0.2349977545268146,51.340277373114645,0.5039243340509901,0.03765149992362539,12.632135328224496,1.8161377766457638,222.22397000242114,1.2414311875376804,0.016608891005026296,0.005981110341919175,9.416644911918448,0.00030511744138361085,0.6173524166786367,10.965055580644014,0.6339386184767506,4.59567081664263,0.08783011587653451,0.31510932736630487
97,167.0447464453966,6.002698748778989,5.275,40.0,102.75,0.35,27325,3845.0,165.5,20.5,90.5,8132.5,442.5,20.2,89.75,0.057,0.044,3.68,0.03,0.0005,0.235,3.68,0.65,44.3,51.35,11.475,35.5,62155.5,205.0,41.0,294.78,143,-0.14751982034278904,0.036008768851478926,10.400346019387793,0.0,0.0,0.0,0.0,0.0,0.0,0.0,1.623009215444849,3.0,-0.26981137190709625,0.23434869511392417,47.02906352038401,0.292369702160384,0.03470690366155807,13.395935144439049,1.5007909103732122,331.4891203960257,1.4156592171083153,0.020771247363017976,6.205143324015788e-05,188.27271876867982,3.050143601181915e-05,0.3714679556249434,31.302047282116426,30.95099046473711,5.5774459001950865,0.08788368706633337,1.293561710261297
98,165.47666646895897,6.002698748778989,5.275,40.0,102.75,0.35,27325,3845.0,165.5,20.5,90.5,8132.5,442.5,20.2,89.75,0.057,0.044,3.68,0.03,0.0005,0.235,3.68,0.65,44.3,51.35,11.475,35.5,62155.5,205.0,41.0,294.78,143,-0.10490480160253664,0.03541501696560463,9.97272372584922,0.0,0.0,0.0,0.0,0.0,0.0,0.0,1.5818875714171359,3.0,-0.18764817776331386,0.22773911151917361,50.534380114407256,0.24335935093110236,0.021123634359761077,17.467154162298232,2.3188643729301197,126.84980088620638,0.029297925253983417,0.012463356640870797,0.0008119443290972117,51.30063124893836,0.0004998333310017759,0.30649523653062083,7.457775286856719,19.355675308166695,23.074727135861963,0.08785690890299681,1.377191500954282
99,148.65339606687337,6.002698748778989,5.275,40.0,102.75,0.35,27325,3845.0,165.5,20.5,90.5,8132.5,442.5,20.2,89.75,0.057,0.044,3.68,0.03,0.0005,0.235,3.68,0.65,44.3,51.35,11.475,35.5,62155.5,205.0,41.0,294.78,143,-0.11259820639066127,0.03579117038251127,9.605232686949469,0.0,0.0,0.0,0.0,0.0,0.0,0.0,1.1442918589469255,3.0,-0.5077572751784682,0.23489245100955505,61.4609077857589,0.5622859007545181,0.010827498525041097,12.836373084474877,3.1049325971028714,331.9327037510442,0.9610421510582945,0.013694668647607816,0.000773551289471093,20.808617452116128,0.00045579071924448463,0.17064706097759955,31.740482692363763,75.13437380644272,15.025464436714508,0.08779947702777642,0.6117358544055725
